<?xml version="1.0"?>
<opencv_storage>
<cascade>
  <stageType>BOOST</stageType>
  <featureType>HAAR</featureType>
  <height>24</height>
  <width>36</width>
  <stageParams>
    <boostType>GAB</boostType>
    <minHitRate>9.9500000476837158e-01</minHitRate>
    <maxFalseAlarm>5.0000000000000000e-01</maxFalseAlarm>
    <weightTrimRate>9.4999999999999996e-01</weightTrimRate>
    <maxDepth>1</maxDepth>
    <maxWeakCount>100</maxWeakCount></stageParams>
  <featureParams>
    <maxCatCount>0</maxCatCount>
    <featSize>1</featSize>
    <mode>BASIC</mode></featureParams>
  <stageNum>15</stageNum>
  <stages>
    <!-- stage 0 -->
    <_>
      <maxWeakCount>8</maxWeakCount>
      <stageThreshold>-2.0035400390625000e+00</stageThreshold>
      <weakClassifiers>
        <_>
          <internalNodes>
            0 -1 122 1.0392071306705475e-01</internalNodes>
          <leafValues>
            -9.2492783069610596e-01 1.9148936867713928e-01</leafValues></_>
        <_>
          <internalNodes>
            0 -1 106 4.4721275568008423e-02</internalNodes>
          <leafValues>
            -7.1331208944320679e-01 2.9539821669459343e-02</leafValues></_>
        <_>
          <internalNodes>
            0 -1 42 8.2167662680149078e-02</internalNodes>
          <leafValues>
            -3.5027673840522766e-01 3.9647758007049561e-01</leafValues></_>
        <_>
          <internalNodes>
            0 -1 24 -7.8849997371435165e-03</internalNodes>
          <leafValues>
            4.4914156198501587e-01 -2.5462183356285095e-01</leafValues></_>
        <_>
          <internalNodes>
            0 -1 218 -2.9823384465998970e-05</internalNodes>
          <leafValues>
            2.6678231358528137e-01 -4.4873416423797607e-01</leafValues></_>
        <_>
          <internalNodes>
            0 -1 211 1.4700111933052540e-03</internalNodes>
          <leafValues>
            1.2519472837448120e-01 -7.9962158203125000e-01</leafValues></_>
        <_>
          <internalNodes>
            0 -1 167 1.7702547833323479e-02</internalNodes>
          <leafValues>
            -2.2147208452224731e-01 4.4193163514137268e-01</leafValues></_>
        <_>
          <internalNodes>
            0 -1 205 1.7497049411758780e-03</internalNodes>
          <leafValues>
            1.2120636552572250e-01 -8.4104567766189575e-01</leafValues></_></weakClassifiers></_>
    <!-- stage 1 -->
    <_>
      <maxWeakCount>8</maxWeakCount>
      <stageThreshold>-2.0509245395660400e+00</stageThreshold>
      <weakClassifiers>
        <_>
          <internalNodes>
            0 -1 104 1.8001154065132141e-01</internalNodes>
          <leafValues>
            -9.2814767360687256e-01 -4.4615384936332703e-01</leafValues></_>
        <_>
          <internalNodes>
            0 -1 83 2.2279828786849976e-02</internalNodes>
          <leafValues>
            -7.0654886960983276e-01 -1.1211848258972168e-01</leafValues></_>
        <_>
          <internalNodes>
            0 -1 138 -2.1491330116987228e-03</internalNodes>
          <leafValues>
            4.2168617248535156e-01 -3.2974004745483398e-01</leafValues></_>
        <_>
          <internalNodes>
            0 -1 98 -8.1921531818807125e-04</internalNodes>
          <leafValues>
            4.0176570415496826e-01 -2.5014516711235046e-01</leafValues></_>
        <_>
          <internalNodes>
            0 -1 143 3.5079177469015121e-03</internalNodes>
          <leafValues>
            -1.8874925374984741e-01 5.1709401607513428e-01</leafValues></_>
        <_>
          <internalNodes>
            0 -1 155 -7.8141762060113251e-05</internalNodes>
          <leafValues>
            3.4499126672744751e-01 -2.5189658999443054e-01</leafValues></_>
        <_>
          <internalNodes>
            0 -1 145 3.7631273153237998e-04</internalNodes>
          <leafValues>
            -2.3586823046207428e-01 3.9055451750755310e-01</leafValues></_>
        <_>
          <internalNodes>
            0 -1 81 -1.3467145618051291e-03</internalNodes>
          <leafValues>
            3.4859639406204224e-01 -2.6824527978897095e-01</leafValues></_></weakClassifiers></_>
    <!-- stage 2 -->
    <_>
      <maxWeakCount>12</maxWeakCount>
      <stageThreshold>-2.1560616493225098e+00</stageThreshold>
      <weakClassifiers>
        <_>
          <internalNodes>
            0 -1 128 6.8175986409187317e-02</internalNodes>
          <leafValues>
            -9.1428571939468384e-01 4.2857143282890320e-01</leafValues></_>
        <_>
          <internalNodes>
            0 -1 25 1.2186720967292786e-01</internalNodes>
          <leafValues>
            -6.4592802524566650e-01 -5.7304318994283676e-02</leafValues></_>
        <_>
          <internalNodes>
            0 -1 85 -5.0858128815889359e-04</internalNodes>
          <leafValues>
            -7.0458024740219116e-01 2.5761924684047699e-02</leafValues></_>
        <_>
          <internalNodes>
            0 -1 204 1.4050407335162163e-03</internalNodes>
          <leafValues>
            9.6336945891380310e-02 -6.5668332576751709e-01</leafValues></_>
        <_>
          <internalNodes>
            0 -1 59 9.4897393137216568e-04</internalNodes>
          <leafValues>
            8.6871340870857239e-02 -7.7102106809616089e-01</leafValues></_>
        <_>
          <internalNodes>
            0 -1 123 2.8036691248416901e-02</internalNodes>
          <leafValues>
            -1.2346087396144867e-01 5.7421207427978516e-01</leafValues></_>
        <_>
          <internalNodes>
            0 -1 161 -3.7197587080299854e-03</internalNodes>
          <leafValues>
            3.2093295454978943e-01 -1.9177764654159546e-01</leafValues></_>
        <_>
          <internalNodes>
            0 -1 69 -1.0969676077365875e-02</internalNodes>
          <leafValues>
            3.7320426106452942e-01 -1.9404451549053192e-01</leafValues></_>
        <_>
          <internalNodes>
            0 -1 96 -1.0710207745432854e-02</internalNodes>
          <leafValues>
            3.7565973401069641e-01 -1.8522168695926666e-01</leafValues></_>
        <_>
          <internalNodes>
            0 -1 78 5.6613036431372166e-03</internalNodes>
          <leafValues>
            -1.7265172302722931e-01 4.2625373601913452e-01</leafValues></_>
        <_>
          <internalNodes>
            0 -1 11 2.1657197066815570e-05</internalNodes>
          <leafValues>
            -3.1074729561805725e-01 2.2346352040767670e-01</leafValues></_>
        <_>
          <internalNodes>
            0 -1 23 1.5755805652588606e-03</internalNodes>
          <leafValues>
            1.2951846420764923e-01 -5.3378534317016602e-01</leafValues></_></weakClassifiers></_>
    <!-- stage 3 -->
    <_>
      <maxWeakCount>11</maxWeakCount>
      <stageThreshold>-2.0153882503509521e+00</stageThreshold>
      <weakClassifiers>
        <_>
          <internalNodes>
            0 -1 118 1.6614055633544922e-01</internalNodes>
          <leafValues>
            -9.2007732391357422e-01 -3.1147539615631104e-01</leafValues></_>
        <_>
          <internalNodes>
            0 -1 150 1.1014931648969650e-01</internalNodes>
          <leafValues>
            -6.2764972448348999e-01 6.0380571521818638e-03</leafValues></_>
        <_>
          <internalNodes>
            0 -1 182 5.0554284825921059e-04</internalNodes>
          <leafValues>
            -1.8533701077103615e-02 -9.5180588960647583e-01</leafValues></_>
        <_>
          <internalNodes>
            0 -1 21 6.6500515677034855e-03</internalNodes>
          <leafValues>
            1.0569112747907639e-01 -6.6929829120635986e-01</leafValues></_>
        <_>
          <internalNodes>
            0 -1 207 2.7265839744359255e-03</internalNodes>
          <leafValues>
            5.9362199157476425e-02 -8.5523337125778198e-01</leafValues></_>
        <_>
          <internalNodes>
            0 -1 65 -1.1629551649093628e-01</internalNodes>
          <leafValues>
            3.8183546066284180e-01 -1.7430767416954041e-01</leafValues></_>
        <_>
          <internalNodes>
            0 -1 2 2.6724282652139664e-02</internalNodes>
          <leafValues>
            -2.4344843626022339e-01 2.8327381610870361e-01</leafValues></_>
        <_>
          <internalNodes>
            0 -1 82 -1.5728086000308394e-03</internalNodes>
          <leafValues>
            3.1879141926765442e-01 -1.9724939763545990e-01</leafValues></_>
        <_>
          <internalNodes>
            0 -1 206 -4.1820638580247760e-04</internalNodes>
          <leafValues>
            2.0348815619945526e-01 -3.1618484854698181e-01</leafValues></_>
        <_>
          <internalNodes>
            0 -1 146 7.4691334739327431e-03</internalNodes>
          <leafValues>
            -2.8111198544502258e-01 3.0013275146484375e-01</leafValues></_>
        <_>
          <internalNodes>
            0 -1 110 -1.7883339896798134e-03</internalNodes>
          <leafValues>
            -8.8669073581695557e-01 7.8448459506034851e-02</leafValues></_></weakClassifiers></_>
    <!-- stage 4 -->
    <_>
      <maxWeakCount>14</maxWeakCount>
      <stageThreshold>-2.0653145313262939e+00</stageThreshold>
      <weakClassifiers>
        <_>
          <internalNodes>
            0 -1 142 -1.1012503504753113e-01</internalNodes>
          <leafValues>
            6.0000002384185791e-01 -9.1312617063522339e-01</leafValues></_>
        <_>
          <internalNodes>
            0 -1 40 9.0528875589370728e-02</internalNodes>
          <leafValues>
            -6.6578495502471924e-01 -7.4075654149055481e-02</leafValues></_>
        <_>
          <internalNodes>
            0 -1 30 3.3151977695524693e-03</internalNodes>
          <leafValues>
            -3.7829119712114334e-02 -9.4204425811767578e-01</leafValues></_>
        <_>
          <internalNodes>
            0 -1 1 -1.8187813693657517e-03</internalNodes>
          <leafValues>
            -8.8585901260375977e-01 7.1198768913745880e-02</leafValues></_>
        <_>
          <internalNodes>
            0 -1 28 2.4385004508076236e-05</internalNodes>
          <leafValues>
            -2.7224788069725037e-01 2.1763074398040771e-01</leafValues></_>
        <_>
          <internalNodes>
            0 -1 13 -1.4947555027902126e-02</internalNodes>
          <leafValues>
            3.3226665854454041e-01 -1.6998337209224701e-01</leafValues></_>
        <_>
          <internalNodes>
            0 -1 154 8.9029129594564438e-03</internalNodes>
          <leafValues>
            -1.2857805192470551e-01 5.3047829866409302e-01</leafValues></_>
        <_>
          <internalNodes>
            0 -1 192 3.9246352389454842e-04</internalNodes>
          <leafValues>
            9.0217843651771545e-02 -6.8225318193435669e-01</leafValues></_>
        <_>
          <internalNodes>
            0 -1 108 -5.4160198196768761e-03</internalNodes>
          <leafValues>
            3.3287918567657471e-01 -1.7299304902553558e-01</leafValues></_>
        <_>
          <internalNodes>
            0 -1 112 1.6916848719120026e-02</internalNodes>
          <leafValues>
            -1.5032006800174713e-01 3.7520369887351990e-01</leafValues></_>
        <_>
          <internalNodes>
            0 -1 52 5.3977093193680048e-04</internalNodes>
          <leafValues>
            -2.7123689651489258e-01 2.2964251041412354e-01</leafValues></_>
        <_>
          <internalNodes>
            0 -1 94 -1.8685253337025642e-02</internalNodes>
          <leafValues>
            3.9642497897148132e-01 -1.6167211532592773e-01</leafValues></_>
        <_>
          <internalNodes>
            0 -1 129 -3.9175420999526978e-02</internalNodes>
          <leafValues>
            5.2716380357742310e-01 -1.4340163767337799e-01</leafValues></_>
        <_>
          <internalNodes>
            0 -1 132 -5.6102629750967026e-03</internalNodes>
          <leafValues>
            3.0234503746032715e-01 -2.5698488950729370e-01</leafValues></_></weakClassifiers></_>
    <!-- stage 5 -->
    <_>
      <maxWeakCount>15</maxWeakCount>
      <stageThreshold>-2.0630595684051514e+00</stageThreshold>
      <weakClassifiers>
        <_>
          <internalNodes>
            0 -1 174 -3.1738191843032837e-02</internalNodes>
          <leafValues>
            7.1428573131561279e-01 -9.1194170713424683e-01</leafValues></_>
        <_>
          <internalNodes>
            0 -1 3 1.2659439444541931e-01</internalNodes>
          <leafValues>
            -6.2741261720657349e-01 -1.4327958226203918e-01</leafValues></_>
        <_>
          <internalNodes>
            0 -1 100 2.1006180904805660e-03</internalNodes>
          <leafValues>
            -1.9915384054183960e-01 4.1901662945747375e-01</leafValues></_>
        <_>
          <internalNodes>
            0 -1 165 1.8096498679369688e-03</internalNodes>
          <leafValues>
            -1.6821044683456421e-01 3.3587405085563660e-01</leafValues></_>
        <_>
          <internalNodes>
            0 -1 14 1.9830611563520506e-05</internalNodes>
          <leafValues>
            -2.5027069449424744e-01 2.3226724565029144e-01</leafValues></_>
        <_>
          <internalNodes>
            0 -1 38 -2.4861178826540709e-04</internalNodes>
          <leafValues>
            -4.3969160318374634e-01 1.2485977262258530e-01</leafValues></_>
        <_>
          <internalNodes>
            0 -1 16 2.8846951317973435e-04</internalNodes>
          <leafValues>
            -2.3471635580062866e-01 2.9307818412780762e-01</leafValues></_>
        <_>
          <internalNodes>
            0 -1 168 8.8710663840174675e-04</internalNodes>
          <leafValues>
            -2.6706212759017944e-01 2.1849863231182098e-01</leafValues></_>
        <_>
          <internalNodes>
            0 -1 196 2.2507494577439502e-05</internalNodes>
          <leafValues>
            -2.7714681625366211e-01 2.5509166717529297e-01</leafValues></_>
        <_>
          <internalNodes>
            0 -1 195 -1.8088581273332238e-03</internalNodes>
          <leafValues>
            -7.0501500368118286e-01 7.9136282205581665e-02</leafValues></_>
        <_>
          <internalNodes>
            0 -1 213 -5.8075855486094952e-04</internalNodes>
          <leafValues>
            -6.3050884008407593e-01 7.7090524137020111e-02</leafValues></_>
        <_>
          <internalNodes>
            0 -1 224 -4.6042515896260738e-03</internalNodes>
          <leafValues>
            -5.3825533390045166e-01 9.0142428874969482e-02</leafValues></_>
        <_>
          <internalNodes>
            0 -1 198 1.7543958500027657e-02</internalNodes>
          <leafValues>
            9.5800668001174927e-02 -5.8325958251953125e-01</leafValues></_>
        <_>
          <internalNodes>
            0 -1 60 1.1359886266291142e-02</internalNodes>
          <leafValues>
            1.0089993476867676e-01 -4.9277198314666748e-01</leafValues></_>
        <_>
          <internalNodes>
            0 -1 68 -1.1072268243879080e-03</internalNodes>
          <leafValues>
            3.2277107238769531e-01 -1.7040814459323883e-01</leafValues></_></weakClassifiers></_>
    <!-- stage 6 -->
    <_>
      <maxWeakCount>15</maxWeakCount>
      <stageThreshold>-2.0007524490356445e+00</stageThreshold>
      <weakClassifiers>
        <_>
          <internalNodes>
            0 -1 91 9.2065948992967606e-03</internalNodes>
          <leafValues>
            -9.1133630275726318e-01 6.6666668653488159e-01</leafValues></_>
        <_>
          <internalNodes>
            0 -1 51 -8.1615885719656944e-03</internalNodes>
          <leafValues>
            -6.2847211956977844e-02 -6.0772448778152466e-01</leafValues></_>
        <_>
          <internalNodes>
            0 -1 172 2.7001781389117241e-02</internalNodes>
          <leafValues>
            -2.2490417957305908e-01 2.7781981229782104e-01</leafValues></_>
        <_>
          <internalNodes>
            0 -1 193 -1.1643485631793737e-03</internalNodes>
          <leafValues>
            -8.3899664878845215e-01 6.1452098190784454e-02</leafValues></_>
        <_>
          <internalNodes>
            0 -1 73 -3.0645868182182312e-01</internalNodes>
          <leafValues>
            -1. 6.1403390020132065e-02</leafValues></_>
        <_>
          <internalNodes>
            0 -1 164 2.1005864255130291e-03</internalNodes>
          <leafValues>
            5.1656529307365417e-02 -1.</leafValues></_>
        <_>
          <internalNodes>
            0 -1 26 4.5677367597818375e-04</internalNodes>
          <leafValues>
            4.2622689157724380e-02 -8.0660569667816162e-01</leafValues></_>
        <_>
          <internalNodes>
            0 -1 58 1.9110528228338808e-05</internalNodes>
          <leafValues>
            -2.5955861806869507e-01 1.9062697887420654e-01</leafValues></_>
        <_>
          <internalNodes>
            0 -1 210 -4.0973722934722900e-04</internalNodes>
          <leafValues>
            2.2975085675716400e-01 -1.9862456619739532e-01</leafValues></_>
        <_>
          <internalNodes>
            0 -1 209 5.0271966028958559e-04</internalNodes>
          <leafValues>
            8.1720091402530670e-02 -6.3367342948913574e-01</leafValues></_>
        <_>
          <internalNodes>
            0 -1 216 -2.1659248886862770e-05</internalNodes>
          <leafValues>
            2.0206850767135620e-01 -2.5205862522125244e-01</leafValues></_>
        <_>
          <internalNodes>
            0 -1 48 2.8960793279111385e-03</internalNodes>
          <leafValues>
            -1.9140452146530151e-01 2.8972101211547852e-01</leafValues></_>
        <_>
          <internalNodes>
            0 -1 57 2.7727970154955983e-04</internalNodes>
          <leafValues>
            9.8369970917701721e-02 -5.3317266702651978e-01</leafValues></_>
        <_>
          <internalNodes>
            0 -1 169 2.7594123966991901e-03</internalNodes>
          <leafValues>
            -9.2707306146621704e-02 6.0331660509109497e-01</leafValues></_>
        <_>
          <internalNodes>
            0 -1 88 -5.5679338984191418e-03</internalNodes>
          <leafValues>
            4.2357894778251648e-01 -1.1378580331802368e-01</leafValues></_></weakClassifiers></_>
    <!-- stage 7 -->
    <_>
      <maxWeakCount>17</maxWeakCount>
      <stageThreshold>-2.0403521060943604e+00</stageThreshold>
      <weakClassifiers>
        <_>
          <internalNodes>
            0 -1 70 -3.3168315887451172e-02</internalNodes>
          <leafValues>
            6.0000002384185791e-01 -9.1073125600814819e-01</leafValues></_>
        <_>
          <internalNodes>
            0 -1 121 8.3292938768863678e-02</internalNodes>
          <leafValues>
            -5.9022665023803711e-01 2.2052386403083801e-01</leafValues></_>
        <_>
          <internalNodes>
            0 -1 50 2.8002325445413589e-02</internalNodes>
          <leafValues>
            -2.4468317627906799e-01 2.1114070713520050e-01</leafValues></_>
        <_>
          <internalNodes>
            0 -1 0 2.1790623577544466e-05</internalNodes>
          <leafValues>
            -2.2197189927101135e-01 2.2392600774765015e-01</leafValues></_>
        <_>
          <internalNodes>
            0 -1 19 2.2014748537912965e-05</internalNodes>
          <leafValues>
            -2.2248642146587372e-01 2.3715649545192719e-01</leafValues></_>
        <_>
          <internalNodes>
            0 -1 186 -6.5961549989879131e-04</internalNodes>
          <leafValues>
            2.2809518873691559e-01 -2.1531419456005096e-01</leafValues></_>
        <_>
          <internalNodes>
            0 -1 173 1.0069354902952909e-03</internalNodes>
          <leafValues>
            -1.7207205295562744e-01 3.1303173303604126e-01</leafValues></_>
        <_>
          <internalNodes>
            0 -1 35 1.2329965829849243e-03</internalNodes>
          <leafValues>
            7.2425961494445801e-02 -7.7371734380722046e-01</leafValues></_>
        <_>
          <internalNodes>
            0 -1 114 1.8299175426363945e-03</internalNodes>
          <leafValues>
            -1.8859496712684631e-01 2.7457281947135925e-01</leafValues></_>
        <_>
          <internalNodes>
            0 -1 125 -1.1648881481960416e-03</internalNodes>
          <leafValues>
            3.1078171730041504e-01 -1.6600546240806580e-01</leafValues></_>
        <_>
          <internalNodes>
            0 -1 95 1.9704611622728407e-04</internalNodes>
          <leafValues>
            -2.0329824090003967e-01 2.5335782766342163e-01</leafValues></_>
        <_>
          <internalNodes>
            0 -1 6 -2.7402772684581578e-04</internalNodes>
          <leafValues>
            -4.1937583684921265e-01 1.2101086974143982e-01</leafValues></_>
        <_>
          <internalNodes>
            0 -1 4 -2.9643636662513018e-04</internalNodes>
          <leafValues>
            2.5141847133636475e-01 -1.9400349259376526e-01</leafValues></_>
        <_>
          <internalNodes>
            0 -1 117 1.0681923013180494e-03</internalNodes>
          <leafValues>
            -2.1078942716121674e-01 2.3383530974388123e-01</leafValues></_>
        <_>
          <internalNodes>
            0 -1 194 1.5703983081039041e-04</internalNodes>
          <leafValues>
            1.3815435767173767e-01 -3.7954136729240417e-01</leafValues></_>
        <_>
          <internalNodes>
            0 -1 163 1.8129423260688782e-02</internalNodes>
          <leafValues>
            5.7195518165826797e-02 -7.8837209939956665e-01</leafValues></_>
        <_>
          <internalNodes>
            0 -1 53 5.4454486817121506e-03</internalNodes>
          <leafValues>
            -1.7005211114883423e-01 2.9229187965393066e-01</leafValues></_></weakClassifiers></_>
    <!-- stage 8 -->
    <_>
      <maxWeakCount>16</maxWeakCount>
      <stageThreshold>-2.0719265937805176e+00</stageThreshold>
      <weakClassifiers>
        <_>
          <internalNodes>
            0 -1 177 8.7422914803028107e-03</internalNodes>
          <leafValues>
            -9.1075950860977173e-01 1.</leafValues></_>
        <_>
          <internalNodes>
            0 -1 130 -8.7771102786064148e-02</internalNodes>
          <leafValues>
            -2.0345985889434814e-01 -6.5923678874969482e-01</leafValues></_>
        <_>
          <internalNodes>
            0 -1 189 -1.1731835547834635e-03</internalNodes>
          <leafValues>
            3.1042855978012085e-01 -2.0238256454467773e-01</leafValues></_>
        <_>
          <internalNodes>
            0 -1 18 2.5955358520150185e-02</internalNodes>
          <leafValues>
            5.7525176554918289e-02 -8.5273927450180054e-01</leafValues></_>
        <_>
          <internalNodes>
            0 -1 201 -1.8948103388538584e-05</internalNodes>
          <leafValues>
            2.2634704411029816e-01 -2.3345085978507996e-01</leafValues></_>
        <_>
          <internalNodes>
            0 -1 223 3.0358275398612022e-04</internalNodes>
          <leafValues>
            8.9657559990882874e-02 -4.9396321177482605e-01</leafValues></_>
        <_>
          <internalNodes>
            0 -1 92 7.6389327645301819e-02</internalNodes>
          <leafValues>
            -1.0551673173904419e-01 3.8590019941329956e-01</leafValues></_>
        <_>
          <internalNodes>
            0 -1 46 3.4788727760314941e-02</internalNodes>
          <leafValues>
            -2.1922717988491058e-01 2.1466040611267090e-01</leafValues></_>
        <_>
          <internalNodes>
            0 -1 134 2.3679122328758240e-02</internalNodes>
          <leafValues>
            -2.2960901260375977e-01 2.3179009556770325e-01</leafValues></_>
        <_>
          <internalNodes>
            0 -1 102 4.6414986718446016e-04</internalNodes>
          <leafValues>
            -1.1697631329298019e-01 4.5250689983367920e-01</leafValues></_>
        <_>
          <internalNodes>
            0 -1 149 3.9783576503396034e-03</internalNodes>
          <leafValues>
            9.8909743130207062e-02 -5.0075709819793701e-01</leafValues></_>
        <_>
          <internalNodes>
            0 -1 109 -7.2837276384234428e-03</internalNodes>
          <leafValues>
            2.6302710175514221e-01 -2.1101003885269165e-01</leafValues></_>
        <_>
          <internalNodes>
            0 -1 72 -7.1390910306945443e-04</internalNodes>
          <leafValues>
            2.7352952957153320e-01 -1.8464927375316620e-01</leafValues></_>
        <_>
          <internalNodes>
            0 -1 151 1.6673082485795021e-02</internalNodes>
          <leafValues>
            -1.2537872791290283e-01 4.3330135941505432e-01</leafValues></_>
        <_>
          <internalNodes>
            0 -1 12 5.0165563152404502e-05</internalNodes>
          <leafValues>
            -2.6557931303977966e-01 1.9668760895729065e-01</leafValues></_>
        <_>
          <internalNodes>
            0 -1 212 2.4241455321316607e-05</internalNodes>
          <leafValues>
            -2.0932745933532715e-01 2.3280833661556244e-01</leafValues></_></weakClassifiers></_>
    <!-- stage 9 -->
    <_>
      <maxWeakCount>19</maxWeakCount>
      <stageThreshold>-2.1107590198516846e+00</stageThreshold>
      <weakClassifiers>
        <_>
          <internalNodes>
            0 -1 126 2.0955821499228477e-02</internalNodes>
          <leafValues>
            -9.1133630275726318e-01 6.6666668653488159e-01</leafValues></_>
        <_>
          <internalNodes>
            0 -1 75 5.2463348954916000e-02</internalNodes>
          <leafValues>
            -5.7254368066787720e-01 5.3229486942291260e-01</leafValues></_>
        <_>
          <internalNodes>
            0 -1 63 -3.2519854605197906e-02</internalNodes>
          <leafValues>
            -8.8910984992980957e-01 -2.2767303511500359e-02</leafValues></_>
        <_>
          <internalNodes>
            0 -1 64 1.5267658233642578e-01</internalNodes>
          <leafValues>
            4.8400774598121643e-02 -1.</leafValues></_>
        <_>
          <internalNodes>
            0 -1 197 1.1077027302235365e-03</internalNodes>
          <leafValues>
            6.9506742060184479e-02 -6.4725422859191895e-01</leafValues></_>
        <_>
          <internalNodes>
            0 -1 158 -1.5676645562052727e-02</internalNodes>
          <leafValues>
            3.3811664581298828e-01 -1.4618682861328125e-01</leafValues></_>
        <_>
          <internalNodes>
            0 -1 27 -1.0510620195418596e-03</internalNodes>
          <leafValues>
            -4.7376260161399841e-01 8.7092883884906769e-02</leafValues></_>
        <_>
          <internalNodes>
            0 -1 180 6.8546487018465996e-03</internalNodes>
          <leafValues>
            -1.0068073868751526e-01 4.0281859040260315e-01</leafValues></_>
        <_>
          <internalNodes>
            0 -1 36 -4.8612372484058142e-04</internalNodes>
          <leafValues>
            2.5159588456153870e-01 -1.9946332275867462e-01</leafValues></_>
        <_>
          <internalNodes>
            0 -1 99 7.4786888435482979e-03</internalNodes>
          <leafValues>
            -9.5297724008560181e-02 5.6908756494522095e-01</leafValues></_>
        <_>
          <internalNodes>
            0 -1 80 6.6905573476105928e-05</internalNodes>
          <leafValues>
            -1.7198698222637177e-01 2.4969668686389923e-01</leafValues></_>
        <_>
          <internalNodes>
            0 -1 188 2.4745637347223237e-05</internalNodes>
          <leafValues>
            -2.2576388716697693e-01 2.0057450234889984e-01</leafValues></_>
        <_>
          <internalNodes>
            0 -1 32 -2.1517276763916016e-02</internalNodes>
          <leafValues>
            2.1506130695343018e-01 -2.1826569736003876e-01</leafValues></_>
        <_>
          <internalNodes>
            0 -1 179 1.4911585021764040e-03</internalNodes>
          <leafValues>
            -6.4262822270393372e-02 6.5758490562438965e-01</leafValues></_>
        <_>
          <internalNodes>
            0 -1 5 -2.5934535078704357e-03</internalNodes>
          <leafValues>
            -5.1839441061019897e-01 9.5270350575447083e-02</leafValues></_>
        <_>
          <internalNodes>
            0 -1 202 -1.4315011503640562e-04</internalNodes>
          <leafValues>
            2.0565481483936310e-01 -2.1379449963569641e-01</leafValues></_>
        <_>
          <internalNodes>
            0 -1 183 1.8236869946122169e-03</internalNodes>
          <leafValues>
            1.3173972070217133e-01 -3.2537984848022461e-01</leafValues></_>
        <_>
          <internalNodes>
            0 -1 49 -6.1239663045853376e-04</internalNodes>
          <leafValues>
            3.8561907410621643e-01 -1.1528699845075607e-01</leafValues></_>
        <_>
          <internalNodes>
            0 -1 76 -2.7582322945818305e-04</internalNodes>
          <leafValues>
            1.9832529127597809e-01 -2.4509893357753754e-01</leafValues></_></weakClassifiers></_>
    <!-- stage 10 -->
    <_>
      <maxWeakCount>18</maxWeakCount>
      <stageThreshold>-2.1113464832305908e+00</stageThreshold>
      <weakClassifiers>
        <_>
          <internalNodes>
            0 -1 139 -8.4041818976402283e-02</internalNodes>
          <leafValues>
            1. -9.1075950860977173e-01</leafValues></_>
        <_>
          <internalNodes>
            0 -1 119 4.0181338787078857e-02</internalNodes>
          <leafValues>
            -5.8248698711395264e-01 1.6102449595928192e-01</leafValues></_>
        <_>
          <internalNodes>
            0 -1 148 3.1248790037352592e-05</internalNodes>
          <leafValues>
            -2.9350841045379639e-01 1.3141812384128571e-01</leafValues></_>
        <_>
          <internalNodes>
            0 -1 20 3.4509034594520926e-04</internalNodes>
          <leafValues>
            6.4073763787746429e-02 -6.2594550848007202e-01</leafValues></_>
        <_>
          <internalNodes>
            0 -1 203 -2.3186084945336916e-05</internalNodes>
          <leafValues>
            2.2580675780773163e-01 -2.0175613462924957e-01</leafValues></_>
        <_>
          <internalNodes>
            0 -1 152 -1.1361697688698769e-02</internalNodes>
          <leafValues>
            3.9234441518783569e-01 -1.2602987885475159e-01</leafValues></_>
        <_>
          <internalNodes>
            0 -1 215 3.4423202741891146e-03</internalNodes>
          <leafValues>
            7.9830810427665710e-02 -5.8305460214614868e-01</leafValues></_>
        <_>
          <internalNodes>
            0 -1 171 1.8946870113722980e-05</internalNodes>
          <leafValues>
            -1.9631847739219666e-01 2.5071752071380615e-01</leafValues></_>
        <_>
          <internalNodes>
            0 -1 55 -2.0242584869265556e-03</internalNodes>
          <leafValues>
            4.2697665095329285e-01 -1.2707053124904633e-01</leafValues></_>
        <_>
          <internalNodes>
            0 -1 113 -6.8312475923448801e-04</internalNodes>
          <leafValues>
            2.5710535049438477e-01 -1.7015342414379120e-01</leafValues></_>
        <_>
          <internalNodes>
            0 -1 89 -5.8892890810966492e-03</internalNodes>
          <leafValues>
            3.3214095234870911e-01 -1.2547507882118225e-01</leafValues></_>
        <_>
          <internalNodes>
            0 -1 67 7.5702409958466887e-05</internalNodes>
          <leafValues>
            1.5948106348514557e-01 -3.0311620235443115e-01</leafValues></_>
        <_>
          <internalNodes>
            0 -1 86 3.2127753365784883e-04</internalNodes>
          <leafValues>
            7.4037179350852966e-02 -5.3069424629211426e-01</leafValues></_>
        <_>
          <internalNodes>
            0 -1 199 -1.8716122212936170e-05</internalNodes>
          <leafValues>
            2.1317806839942932e-01 -2.1617625653743744e-01</leafValues></_>
        <_>
          <internalNodes>
            0 -1 157 3.2124773133546114e-04</internalNodes>
          <leafValues>
            -2.0064936578273773e-01 2.3829409480094910e-01</leafValues></_>
        <_>
          <internalNodes>
            0 -1 137 9.6659502014517784e-04</internalNodes>
          <leafValues>
            -1.4275611937046051e-01 3.5353392362594604e-01</leafValues></_>
        <_>
          <internalNodes>
            0 -1 136 -8.9531444245949388e-04</internalNodes>
          <leafValues>
            4.2278155684471130e-01 -1.3764528930187225e-01</leafValues></_>
        <_>
          <internalNodes>
            0 -1 17 -2.1582275803666562e-04</internalNodes>
          <leafValues>
            -5.2202749252319336e-01 9.4507902860641479e-02</leafValues></_></weakClassifiers></_>
    <!-- stage 11 -->
    <_>
      <maxWeakCount>20</maxWeakCount>
      <stageThreshold>-2.0095775127410889e+00</stageThreshold>
      <weakClassifiers>
        <_>
          <internalNodes>
            0 -1 31 6.4496500417590141e-03</internalNodes>
          <leafValues>
            -9.1293293237686157e-01 -5.8823529630899429e-02</leafValues></_>
        <_>
          <internalNodes>
            0 -1 34 4.2062133550643921e-02</internalNodes>
          <leafValues>
            -6.1270713806152344e-01 -2.1830403804779053e-01</leafValues></_>
        <_>
          <internalNodes>
            0 -1 185 -1.1168501805514097e-04</internalNodes>
          <leafValues>
            9.8966196179389954e-02 -3.0779790878295898e-01</leafValues></_>
        <_>
          <internalNodes>
            0 -1 111 -1.9524511881172657e-03</internalNodes>
          <leafValues>
            2.4494202435016632e-01 -1.5480729937553406e-01</leafValues></_>
        <_>
          <internalNodes>
            0 -1 219 -1.0450780391693115e-03</internalNodes>
          <leafValues>
            -4.9641641974449158e-01 7.5538881123065948e-02</leafValues></_>
        <_>
          <internalNodes>
            0 -1 220 -8.0168058048002422e-05</internalNodes>
          <leafValues>
            2.4812060594558716e-01 -1.7604251205921173e-01</leafValues></_>
        <_>
          <internalNodes>
            0 -1 77 1.7765741795301437e-03</internalNodes>
          <leafValues>
            -1.1645594239234924e-01 5.1434135437011719e-01</leafValues></_>
        <_>
          <internalNodes>
            0 -1 74 -4.0991188143379986e-04</internalNodes>
          <leafValues>
            2.0469135046005249e-01 -2.0801976323127747e-01</leafValues></_>
        <_>
          <internalNodes>
            0 -1 97 -7.6515851542353630e-03</internalNodes>
          <leafValues>
            3.3425471186637878e-01 -1.0470893234014511e-01</leafValues></_>
        <_>
          <internalNodes>
            0 -1 105 -5.1958570111310109e-05</internalNodes>
          <leafValues>
            2.1557514369487762e-01 -2.0839814841747284e-01</leafValues></_>
        <_>
          <internalNodes>
            0 -1 8 -3.9853982627391815e-02</internalNodes>
          <leafValues>
            2.6152735948562622e-01 -1.6366071999073029e-01</leafValues></_>
        <_>
          <internalNodes>
            0 -1 131 2.3349208640865982e-04</internalNodes>
          <leafValues>
            1.4136253297328949e-01 -3.4634715318679810e-01</leafValues></_>
        <_>
          <internalNodes>
            0 -1 33 5.8484422042965889e-03</internalNodes>
          <leafValues>
            -1.4430423080921173e-01 3.1708794832229614e-01</leafValues></_>
        <_>
          <internalNodes>
            0 -1 133 -1.9600932137109339e-04</internalNodes>
          <leafValues>
            2.2800746560096741e-01 -2.1031786501407623e-01</leafValues></_>
        <_>
          <internalNodes>
            0 -1 127 3.3380328677594662e-03</internalNodes>
          <leafValues>
            -1.0305862128734589e-01 4.1664576530456543e-01</leafValues></_>
        <_>
          <internalNodes>
            0 -1 124 2.3763633798807859e-03</internalNodes>
          <leafValues>
            4.3157711625099182e-02 -1.</leafValues></_>
        <_>
          <internalNodes>
            0 -1 62 -7.3585350764915347e-04</internalNodes>
          <leafValues>
            1.6077692806720734e-01 -2.3482789099216461e-01</leafValues></_>
        <_>
          <internalNodes>
            0 -1 103 4.8685524612665176e-02</internalNodes>
          <leafValues>
            -1.1878881603479385e-01 3.9646372199058533e-01</leafValues></_>
        <_>
          <internalNodes>
            0 -1 10 -1.0546260513365269e-02</internalNodes>
          <leafValues>
            2.3253285884857178e-01 -1.8080610036849976e-01</leafValues></_>
        <_>
          <internalNodes>
            0 -1 115 -2.6305764913558960e-03</internalNodes>
          <leafValues>
            3.1140670180320740e-01 -1.4728730916976929e-01</leafValues></_></weakClassifiers></_>
    <!-- stage 12 -->
    <_>
      <maxWeakCount>17</maxWeakCount>
      <stageThreshold>-1.9167559146881104e+00</stageThreshold>
      <weakClassifiers>
        <_>
          <internalNodes>
            0 -1 135 -5.7053506374359131e-02</internalNodes>
          <leafValues>
            4.2857143282890320e-01 -9.1130822896957397e-01</leafValues></_>
        <_>
          <internalNodes>
            0 -1 178 -2.7242302894592285e-03</internalNodes>
          <leafValues>
            9.0066842734813690e-02 -5.8335655927658081e-01</leafValues></_>
        <_>
          <internalNodes>
            0 -1 200 -5.3014000877737999e-04</internalNodes>
          <leafValues>
            -7.9732161760330200e-01 -2.2857017815113068e-02</leafValues></_>
        <_>
          <internalNodes>
            0 -1 120 9.1998430434614420e-04</internalNodes>
          <leafValues>
            5.7632546871900558e-02 -1.</leafValues></_>
        <_>
          <internalNodes>
            0 -1 45 -1.0268037021160126e-01</internalNodes>
          <leafValues>
            -7.6966589689254761e-01 5.2631173282861710e-02</leafValues></_>
        <_>
          <internalNodes>
            0 -1 93 -1.3742196559906006e-01</internalNodes>
          <leafValues>
            3.4799814224243164e-01 -1.3724973797798157e-01</leafValues></_>
        <_>
          <internalNodes>
            0 -1 87 1.9895300269126892e-02</internalNodes>
          <leafValues>
            -1.1159344017505646e-01 3.2739165425300598e-01</leafValues></_>
        <_>
          <internalNodes>
            0 -1 190 -4.4777413131669164e-04</internalNodes>
          <leafValues>
            -3.3245381712913513e-01 1.4226663112640381e-01</leafValues></_>
        <_>
          <internalNodes>
            0 -1 7 3.7175073521211743e-04</internalNodes>
          <leafValues>
            -1.8533317744731903e-01 2.3387582600116730e-01</leafValues></_>
        <_>
          <internalNodes>
            0 -1 222 -2.0829323329962790e-04</internalNodes>
          <leafValues>
            -4.9301767349243164e-01 8.0594129860401154e-02</leafValues></_>
        <_>
          <internalNodes>
            0 -1 116 -1.0805579833686352e-02</internalNodes>
          <leafValues>
            4.8652079701423645e-01 -8.0306917428970337e-02</leafValues></_>
        <_>
          <internalNodes>
            0 -1 162 -1.3693532673642039e-04</internalNodes>
          <leafValues>
            -4.4844031333923340e-01 1.0623632371425629e-01</leafValues></_>
        <_>
          <internalNodes>
            0 -1 191 -2.7805723948404193e-04</internalNodes>
          <leafValues>
            2.8242397308349609e-01 -1.4780710637569427e-01</leafValues></_>
        <_>
          <internalNodes>
            0 -1 187 7.7520147897303104e-04</internalNodes>
          <leafValues>
            -1.7377559840679169e-01 2.5444260239601135e-01</leafValues></_>
        <_>
          <internalNodes>
            0 -1 156 -2.8266322333365679e-03</internalNodes>
          <leafValues>
            -4.9652597308158875e-01 7.9631499946117401e-02</leafValues></_>
        <_>
          <internalNodes>
            0 -1 181 -1.0637518018484116e-02</internalNodes>
          <leafValues>
            2.2326122224330902e-01 -1.9517309963703156e-01</leafValues></_>
        <_>
          <internalNodes>
            0 -1 43 1.3524834066629410e-02</internalNodes>
          <leafValues>
            -1.5949533879756927e-01 3.1280773878097534e-01</leafValues></_></weakClassifiers></_>
    <!-- stage 13 -->
    <_>
      <maxWeakCount>16</maxWeakCount>
      <stageThreshold>-1.9418698549270630e+00</stageThreshold>
      <weakClassifiers>
        <_>
          <internalNodes>
            0 -1 160 -2.4428859353065491e-02</internalNodes>
          <leafValues>
            6.0000002384185791e-01 -9.1073125600814819e-01</leafValues></_>
        <_>
          <internalNodes>
            0 -1 166 -1.2161187827587128e-02</internalNodes>
          <leafValues>
            6.2452763319015503e-01 -5.6648576259613037e-01</leafValues></_>
        <_>
          <internalNodes>
            0 -1 71 1.4368284028023481e-03</internalNodes>
          <leafValues>
            -3.1330674886703491e-02 -1.</leafValues></_>
        <_>
          <internalNodes>
            0 -1 22 -3.3522598445415497e-02</internalNodes>
          <leafValues>
            -8.5992252826690674e-01 4.7257762402296066e-02</leafValues></_>
        <_>
          <internalNodes>
            0 -1 140 -1.1160797439515591e-03</internalNodes>
          <leafValues>
            -1. 4.5586954802274704e-02</leafValues></_>
        <_>
          <internalNodes>
            0 -1 175 -1.4463560655713081e-02</internalNodes>
          <leafValues>
            3.6267009377479553e-01 -1.1646474152803421e-01</leafValues></_>
        <_>
          <internalNodes>
            0 -1 107 1.3766221702098846e-02</internalNodes>
          <leafValues>
            1.0880330204963684e-01 -4.7160434722900391e-01</leafValues></_>
        <_>
          <internalNodes>
            0 -1 29 9.1889444738626480e-03</internalNodes>
          <leafValues>
            -1.4998029172420502e-01 3.1613454222679138e-01</leafValues></_>
        <_>
          <internalNodes>
            0 -1 39 1.5419924166053534e-03</internalNodes>
          <leafValues>
            -2.0088423788547516e-01 1.9679811596870422e-01</leafValues></_>
        <_>
          <internalNodes>
            0 -1 184 3.0310372821986675e-03</internalNodes>
          <leafValues>
            -1.0879366844892502e-01 3.7052732706069946e-01</leafValues></_>
        <_>
          <internalNodes>
            0 -1 141 2.0332131534814835e-02</internalNodes>
          <leafValues>
            4.4772479683160782e-02 -8.9841067790985107e-01</leafValues></_>
        <_>
          <internalNodes>
            0 -1 9 -3.5195492208003998e-02</internalNodes>
          <leafValues>
            -4.8363372683525085e-01 7.4359051883220673e-02</leafValues></_>
        <_>
          <internalNodes>
            0 -1 101 -2.2580858785659075e-03</internalNodes>
          <leafValues>
            3.9921724796295166e-01 -1.1192262917757034e-01</leafValues></_>
        <_>
          <internalNodes>
            0 -1 217 -8.0578395863994956e-04</internalNodes>
          <leafValues>
            -7.6465588808059692e-01 5.5583652108907700e-02</leafValues></_>
        <_>
          <internalNodes>
            0 -1 221 -2.0539851902867667e-05</internalNodes>
          <leafValues>
            2.0937554538249969e-01 -1.8488650023937225e-01</leafValues></_>
        <_>
          <internalNodes>
            0 -1 15 2.0952116698026657e-02</internalNodes>
          <leafValues>
            6.3246630132198334e-02 -6.3667243719100952e-01</leafValues></_></weakClassifiers></_>
    <!-- stage 14 -->
    <_>
      <maxWeakCount>20</maxWeakCount>
      <stageThreshold>-2.0802438259124756e+00</stageThreshold>
      <weakClassifiers>
        <_>
          <internalNodes>
            0 -1 176 3.2638996839523315e-02</internalNodes>
          <leafValues>
            -9.1073125600814819e-01 6.0000002384185791e-01</leafValues></_>
        <_>
          <internalNodes>
            0 -1 37 8.7664443999528885e-03</internalNodes>
          <leafValues>
            -6.1120885610580444e-01 -1.9002719223499298e-01</leafValues></_>
        <_>
          <internalNodes>
            0 -1 170 -8.8735092431306839e-03</internalNodes>
          <leafValues>
            -1. -4.6717610210180283e-02</leafValues></_>
        <_>
          <internalNodes>
            0 -1 84 -8.0991780851036310e-04</internalNodes>
          <leafValues>
            -7.1479547023773193e-01 4.7511003911495209e-02</leafValues></_>
        <_>
          <internalNodes>
            0 -1 90 -9.1153811663389206e-03</internalNodes>
          <leafValues>
            3.0379515886306763e-01 -1.0256134718656540e-01</leafValues></_>
        <_>
          <internalNodes>
            0 -1 208 -5.1986780017614365e-03</internalNodes>
          <leafValues>
            -7.3061978816986084e-01 4.9613200128078461e-02</leafValues></_>
        <_>
          <internalNodes>
            0 -1 214 -6.5692830830812454e-03</internalNodes>
          <leafValues>
            2.8947368264198303e-01 -1.4675031602382660e-01</leafValues></_>
        <_>
          <internalNodes>
            0 -1 79 1.9693274225573987e-04</internalNodes>
          <leafValues>
            -1.9356165826320648e-01 1.9267794489860535e-01</leafValues></_>
        <_>
          <internalNodes>
            0 -1 147 1.0473889298737049e-02</internalNodes>
          <leafValues>
            -9.7110487520694733e-02 4.3116310238838196e-01</leafValues></_>
        <_>
          <internalNodes>
            0 -1 66 -2.7653966753860004e-05</internalNodes>
          <leafValues>
            1.9735033810138702e-01 -2.0362530648708344e-01</leafValues></_>
        <_>
          <internalNodes>
            0 -1 144 -2.2885748185217381e-03</internalNodes>
          <leafValues>
            2.3795212805271149e-01 -1.6671940684318542e-01</leafValues></_>
        <_>
          <internalNodes>
            0 -1 153 -3.5787089727818966e-03</internalNodes>
          <leafValues>
            -9.1051054000854492e-01 7.1874916553497314e-02</leafValues></_>
        <_>
          <internalNodes>
            0 -1 47 2.3244136944413185e-02</internalNodes>
          <leafValues>
            -1.0644747316837311e-01 5.1434141397476196e-01</leafValues></_>
        <_>
          <internalNodes>
            0 -1 56 -1.9232437014579773e-02</internalNodes>
          <leafValues>
            4.1378235816955566e-01 -7.5506836175918579e-02</leafValues></_>
        <_>
          <internalNodes>
            0 -1 159 -7.2825513780117035e-03</internalNodes>
          <leafValues>
            5.6212806701660156e-01 -6.7508414387702942e-02</leafValues></_>
        <_>
          <internalNodes>
            0 -1 54 2.3109954781830311e-03</internalNodes>
          <leafValues>
            1.2830273807048798e-01 -3.4940269589424133e-01</leafValues></_>
        <_>
          <internalNodes>
            0 -1 61 2.4652841966599226e-04</internalNodes>
          <leafValues>
            7.8279308974742889e-02 -4.2985039949417114e-01</leafValues></_>
        <_>
          <internalNodes>
            0 -1 44 2.4359249509871006e-03</internalNodes>
          <leafValues>
            5.2380055189132690e-02 -8.4528034925460815e-01</leafValues></_>
        <_>
          <internalNodes>
            0 -1 41 2.1060467697679996e-03</internalNodes>
          <leafValues>
            -9.3868978321552277e-02 4.8166114091873169e-01</leafValues></_>
        <_>
          <internalNodes>
            0 -1 61 1.8156701116822660e-05</internalNodes>
          <leafValues>
            -2.1416071057319641e-01 1.9964645802974701e-01</leafValues></_></weakClassifiers></_></stages>
  <features>
    <_>
      <rects>
        <_>
          0 0 3 1 -1.</_>
        <_>
          1 0 1 1 3.</_></rects>
      <tilted>0</tilted></_>
    <_>
      <rects>
        <_>
          0 0 6 1 -1.</_>
        <_>
          2 0 2 1 3.</_></rects>
      <tilted>0</tilted></_>
    <_>
      <rects>
        <_>
          0 1 16 14 -1.</_>
        <_>
          8 1 8 14 2.</_></rects>
      <tilted>0</tilted></_>
    <_>
      <rects>
        <_>
          0 6 22 8 -1.</_>
        <_>
          11 6 11 8 2.</_></rects>
      <tilted>0</tilted></_>
    <_>
      <rects>
        <_>
          0 7 3 3 -1.</_>
        <_>
          0 8 3 1 3.</_></rects>
      <tilted>0</tilted></_>
    <_>
      <rects>
        <_>
          0 7 8 3 -1.</_>
        <_>
          0 8 8 1 3.</_></rects>
      <tilted>0</tilted></_>
    <_>
      <rects>
        <_>
          0 8 2 4 -1.</_>
        <_>
          1 8 1 4 2.</_></rects>
      <tilted>0</tilted></_>
    <_>
      <rects>
        <_>
          0 9 5 3 -1.</_>
        <_>
          0 10 5 1 3.</_></rects>
      <tilted>0</tilted></_>
    <_>
      <rects>
        <_>
          0 10 24 10 -1.</_>
        <_>
          0 10 12 5 2.</_>
        <_>
          12 15 12 5 2.</_></rects>
      <tilted>0</tilted></_>
    <_>
      <rects>
        <_>
          0 11 29 6 -1.</_>
        <_>
          0 13 29 2 3.</_></rects>
      <tilted>0</tilted></_>
    <_>
      <rects>
        <_>
          0 11 32 6 -1.</_>
        <_>
          0 13 32 2 3.</_></rects>
      <tilted>0</tilted></_>
    <_>
      <rects>
        <_>
          0 12 4 1 -1.</_>
        <_>
          2 12 2 1 2.</_></rects>
      <tilted>0</tilted></_>
    <_>
      <rects>
        <_>
          0 15 1 6 -1.</_>
        <_>
          0 17 1 2 3.</_></rects>
      <tilted>0</tilted></_>
    <_>
      <rects>
        <_>
          0 18 21 6 -1.</_>
        <_>
          0 20 21 2 3.</_></rects>
      <tilted>0</tilted></_>
    <_>
      <rects>
        <_>
          0 20 3 1 -1.</_>
        <_>
          1 20 1 1 3.</_></rects>
      <tilted>0</tilted></_>
    <_>
      <rects>
        <_>
          0 20 21 2 -1.</_>
        <_>
          7 20 7 2 3.</_></rects>
      <tilted>0</tilted></_>
    <_>
      <rects>
        <_>
          0 22 10 2 -1.</_>
        <_>
          0 22 5 1 2.</_>
        <_>
          5 23 5 1 2.</_></rects>
      <tilted>0</tilted></_>
    <_>
      <rects>
        <_>
          0 23 3 1 -1.</_>
        <_>
          1 23 1 1 3.</_></rects>
      <tilted>0</tilted></_>
    <_>
      <rects>
        <_>
          0 23 32 1 -1.</_>
        <_>
          16 23 16 1 2.</_></rects>
      <tilted>0</tilted></_>
    <_>
      <rects>
        <_>
          1 0 2 1 -1.</_>
        <_>
          2 0 1 1 2.</_></rects>
      <tilted>0</tilted></_>
    <_>
      <rects>
        <_>
          1 1 2 1 -1.</_>
        <_>
          2 1 1 1 2.</_></rects>
      <tilted>0</tilted></_>
    <_>
      <rects>
        <_>
          1 1 2 9 -1.</_>
        <_>
          1 4 2 3 3.</_></rects>
      <tilted>0</tilted></_>
    <_>
      <rects>
        <_>
          1 1 2 21 -1.</_>
        <_>
          1 8 2 7 3.</_></rects>
      <tilted>0</tilted></_>
    <_>
      <rects>
        <_>
          1 3 3 18 -1.</_>
        <_>
          2 3 1 18 3.</_></rects>
      <tilted>0</tilted></_>
    <_>
      <rects>
        <_>
          1 4 20 4 -1.</_>
        <_>
          1 4 10 2 2.</_>
        <_>
          11 6 10 2 2.</_></rects>
      <tilted>0</tilted></_>
    <_>
      <rects>
        <_>
          1 5 33 5 -1.</_>
        <_>
          12 5 11 5 3.</_></rects>
      <tilted>0</tilted></_>
    <_>
      <rects>
        <_>
          1 8 2 1 -1.</_>
        <_>
          2 8 1 1 2.</_></rects>
      <tilted>0</tilted></_>
    <_>
      <rects>
        <_>
          1 13 2 10 -1.</_>
        <_>
          1 13 1 5 2.</_>
        <_>
          2 18 1 5 2.</_></rects>
      <tilted>0</tilted></_>
    <_>
      <rects>
        <_>
          1 15 2 4 -1.</_>
        <_>
          2 15 1 4 2.</_></rects>
      <tilted>0</tilted></_>
    <_>
      <rects>
        <_>
          1 15 9 6 -1.</_>
        <_>
          1 17 9 2 3.</_></rects>
      <tilted>0</tilted></_>
    <_>
      <rects>
        <_>
          2 0 3 11 -1.</_>
        <_>
          3 0 1 11 3.</_></rects>
      <tilted>0</tilted></_>
    <_>
      <rects>
        <_>
          2 5 6 2 -1.</_>
        <_>
          2 5 3 1 2.</_>
        <_>
          5 6 3 1 2.</_></rects>
      <tilted>0</tilted></_>
    <_>
      <rects>
        <_>
          2 5 12 18 -1.</_>
        <_>
          2 5 6 9 2.</_>
        <_>
          8 14 6 9 2.</_></rects>
      <tilted>0</tilted></_>
    <_>
      <rects>
        <_>
          2 6 32 3 -1.</_>
        <_>
          2 7 32 1 3.</_></rects>
      <tilted>0</tilted></_>
    <_>
      <rects>
        <_>
          2 13 16 6 -1.</_>
        <_>
          10 13 8 6 2.</_></rects>
      <tilted>0</tilted></_>
    <_>
      <rects>
        <_>
          2 15 2 6 -1.</_>
        <_>
          2 15 1 3 2.</_>
        <_>
          3 18 1 3 2.</_></rects>
      <tilted>0</tilted></_>
    <_>
      <rects>
        <_>
          2 15 3 4 -1.</_>
        <_>
          2 17 3 2 2.</_></rects>
      <tilted>0</tilted></_>
    <_>
      <rects>
        <_>
          2 16 6 7 -1.</_>
        <_>
          5 16 3 7 2.</_></rects>
      <tilted>0</tilted></_>
    <_>
      <rects>
        <_>
          2 20 2 2 -1.</_>
        <_>
          3 20 1 2 2.</_></rects>
      <tilted>0</tilted></_>
    <_>
      <rects>
        <_>
          3 0 18 2 -1.</_>
        <_>
          9 0 6 2 3.</_></rects>
      <tilted>0</tilted></_>
    <_>
      <rects>
        <_>
          3 0 28 8 -1.</_>
        <_>
          3 4 28 4 2.</_></rects>
      <tilted>0</tilted></_>
    <_>
      <rects>
        <_>
          3 3 3 6 -1.</_>
        <_>
          4 3 1 6 3.</_></rects>
      <tilted>0</tilted></_>
    <_>
      <rects>
        <_>
          3 5 33 6 -1.</_>
        <_>
          14 5 11 6 3.</_></rects>
      <tilted>0</tilted></_>
    <_>
      <rects>
        <_>
          3 8 5 14 -1.</_>
        <_>
          3 15 5 7 2.</_></rects>
      <tilted>0</tilted></_>
    <_>
      <rects>
        <_>
          3 11 3 5 -1.</_>
        <_>
          4 11 1 5 3.</_></rects>
      <tilted>0</tilted></_>
    <_>
      <rects>
        <_>
          3 14 32 5 -1.</_>
        <_>
          19 14 16 5 2.</_></rects>
      <tilted>0</tilted></_>
    <_>
      <rects>
        <_>
          4 0 24 15 -1.</_>
        <_>
          12 0 8 15 3.</_></rects>
      <tilted>0</tilted></_>
    <_>
      <rects>
        <_>
          4 5 15 2 -1.</_>
        <_>
          9 5 5 2 3.</_></rects>
      <tilted>0</tilted></_>
    <_>
      <rects>
        <_>
          4 16 8 6 -1.</_>
        <_>
          4 16 4 3 2.</_>
        <_>
          8 19 4 3 2.</_></rects>
      <tilted>0</tilted></_>
    <_>
      <rects>
        <_>
          4 20 1 3 -1.</_>
        <_>
          4 21 1 1 3.</_></rects>
      <tilted>0</tilted></_>
    <_>
      <rects>
        <_>
          5 1 13 9 -1.</_>
        <_>
          5 4 13 3 3.</_></rects>
      <tilted>0</tilted></_>
    <_>
      <rects>
        <_>
          5 5 18 2 -1.</_>
        <_>
          5 5 9 1 2.</_>
        <_>
          14 6 9 1 2.</_></rects>
      <tilted>0</tilted></_>
    <_>
      <rects>
        <_>
          5 6 6 6 -1.</_>
        <_>
          7 6 2 6 3.</_></rects>
      <tilted>0</tilted></_>
    <_>
      <rects>
        <_>
          5 9 30 2 -1.</_>
        <_>
          5 9 15 1 2.</_>
        <_>
          20 10 15 1 2.</_></rects>
      <tilted>0</tilted></_>
    <_>
      <rects>
        <_>
          5 10 13 4 -1.</_>
        <_>
          5 12 13 2 2.</_></rects>
      <tilted>0</tilted></_>
    <_>
      <rects>
        <_>
          5 11 6 2 -1.</_>
        <_>
          5 11 3 1 2.</_>
        <_>
          8 12 3 1 2.</_></rects>
      <tilted>0</tilted></_>
    <_>
      <rects>
        <_>
          5 16 16 6 -1.</_>
        <_>
          5 18 16 2 3.</_></rects>
      <tilted>0</tilted></_>
    <_>
      <rects>
        <_>
          5 23 3 1 -1.</_>
        <_>
          6 23 1 1 3.</_></rects>
      <tilted>0</tilted></_>
    <_>
      <rects>
        <_>
          6 0 2 3 -1.</_>
        <_>
          7 0 1 3 2.</_></rects>
      <tilted>0</tilted></_>
    <_>
      <rects>
        <_>
          6 0 4 1 -1.</_>
        <_>
          8 0 2 1 2.</_></rects>
      <tilted>0</tilted></_>
    <_>
      <rects>
        <_>
          6 0 10 4 -1.</_>
        <_>
          11 0 5 4 2.</_></rects>
      <tilted>0</tilted></_>
    <_>
      <rects>
        <_>
          6 7 2 1 -1.</_>
        <_>
          7 7 1 1 2.</_></rects>
      <tilted>0</tilted></_>
    <_>
      <rects>
        <_>
          6 12 2 8 -1.</_>
        <_>
          6 16 2 4 2.</_></rects>
      <tilted>0</tilted></_>
    <_>
      <rects>
        <_>
          7 0 15 6 -1.</_>
        <_>
          12 0 5 6 3.</_></rects>
      <tilted>0</tilted></_>
    <_>
      <rects>
        <_>
          7 1 18 16 -1.</_>
        <_>
          13 1 6 16 3.</_></rects>
      <tilted>0</tilted></_>
    <_>
      <rects>
        <_>
          7 1 14 16 -1.</_>
        <_>
          7 9 14 8 2.</_></rects>
      <tilted>0</tilted></_>
    <_>
      <rects>
        <_>
          7 3 4 2 -1.</_>
        <_>
          7 3 2 1 2.</_>
        <_>
          9 4 2 1 2.</_></rects>
      <tilted>0</tilted></_>
    <_>
      <rects>
        <_>
          7 6 1 2 -1.</_>
        <_>
          7 7 1 1 2.</_></rects>
      <tilted>0</tilted></_>
    <_>
      <rects>
        <_>
          7 7 3 11 -1.</_>
        <_>
          8 7 1 11 3.</_></rects>
      <tilted>0</tilted></_>
    <_>
      <rects>
        <_>
          7 10 12 4 -1.</_>
        <_>
          11 10 4 4 3.</_></rects>
      <tilted>0</tilted></_>
    <_>
      <rects>
        <_>
          7 14 18 1 -1.</_>
        <_>
          16 14 9 1 2.</_></rects>
      <tilted>0</tilted></_>
    <_>
      <rects>
        <_>
          7 18 2 4 -1.</_>
        <_>
          7 18 1 2 2.</_>
        <_>
          8 20 1 2 2.</_></rects>
      <tilted>0</tilted></_>
    <_>
      <rects>
        <_>
          8 1 2 12 -1.</_>
        <_>
          8 1 1 6 2.</_>
        <_>
          9 7 1 6 2.</_></rects>
      <tilted>0</tilted></_>
    <_>
      <rects>
        <_>
          8 2 16 20 -1.</_>
        <_>
          8 12 16 10 2.</_></rects>
      <tilted>0</tilted></_>
    <_>
      <rects>
        <_>
          8 4 3 15 -1.</_>
        <_>
          9 4 1 15 3.</_></rects>
      <tilted>0</tilted></_>
    <_>
      <rects>
        <_>
          8 4 18 2 -1.</_>
        <_>
          17 4 9 2 2.</_></rects>
      <tilted>0</tilted></_>
    <_>
      <rects>
        <_>
          8 9 6 6 -1.</_>
        <_>
          8 11 6 2 3.</_></rects>
      <tilted>0</tilted></_>
    <_>
      <rects>
        <_>
          8 10 2 2 -1.</_>
        <_>
          8 11 2 1 2.</_></rects>
      <tilted>0</tilted></_>
    <_>
      <rects>
        <_>
          8 10 9 4 -1.</_>
        <_>
          11 10 3 4 3.</_></rects>
      <tilted>0</tilted></_>
    <_>
      <rects>
        <_>
          8 12 4 3 -1.</_>
        <_>
          8 13 4 1 3.</_></rects>
      <tilted>0</tilted></_>
    <_>
      <rects>
        <_>
          8 13 2 2 -1.</_>
        <_>
          8 13 1 1 2.</_>
        <_>
          9 14 1 1 2.</_></rects>
      <tilted>0</tilted></_>
    <_>
      <rects>
        <_>
          8 14 11 2 -1.</_>
        <_>
          8 15 11 1 2.</_></rects>
      <tilted>0</tilted></_>
    <_>
      <rects>
        <_>
          8 18 9 2 -1.</_>
        <_>
          8 19 9 1 2.</_></rects>
      <tilted>0</tilted></_>
    <_>
      <rects>
        <_>
          9 1 9 9 -1.</_>
        <_>
          9 4 9 3 3.</_></rects>
      <tilted>0</tilted></_>
    <_>
      <rects>
        <_>
          9 2 2 4 -1.</_>
        <_>
          9 2 1 2 2.</_>
        <_>
          10 4 1 2 2.</_></rects>
      <tilted>0</tilted></_>
    <_>
      <rects>
        <_>
          9 2 2 4 -1.</_>
        <_>
          10 2 1 4 2.</_></rects>
      <tilted>0</tilted></_>
    <_>
      <rects>
        <_>
          9 6 2 1 -1.</_>
        <_>
          10 6 1 1 2.</_></rects>
      <tilted>0</tilted></_>
    <_>
      <rects>
        <_>
          9 12 12 8 -1.</_>
        <_>
          13 12 4 8 3.</_></rects>
      <tilted>0</tilted></_>
    <_>
      <rects>
        <_>
          9 19 13 3 -1.</_>
        <_>
          9 20 13 1 3.</_></rects>
      <tilted>0</tilted></_>
    <_>
      <rects>
        <_>
          10 1 7 6 -1.</_>
        <_>
          10 3 7 2 3.</_></rects>
      <tilted>0</tilted></_>
    <_>
      <rects>
        <_>
          10 1 7 12 -1.</_>
        <_>
          10 5 7 4 3.</_></rects>
      <tilted>0</tilted></_>
    <_>
      <rects>
        <_>
          10 4 3 2 -1.</_>
        <_>
          10 5 3 1 2.</_></rects>
      <tilted>0</tilted></_>
    <_>
      <rects>
        <_>
          10 5 26 8 -1.</_>
        <_>
          23 5 13 8 2.</_></rects>
      <tilted>0</tilted></_>
    <_>
      <rects>
        <_>
          10 5 26 10 -1.</_>
        <_>
          23 5 13 10 2.</_></rects>
      <tilted>0</tilted></_>
    <_>
      <rects>
        <_>
          10 10 21 4 -1.</_>
        <_>
          10 12 21 2 2.</_></rects>
      <tilted>0</tilted></_>
    <_>
      <rects>
        <_>
          10 16 2 6 -1.</_>
        <_>
          10 16 1 3 2.</_>
        <_>
          11 19 1 3 2.</_></rects>
      <tilted>0</tilted></_>
    <_>
      <rects>
        <_>
          10 18 13 6 -1.</_>
        <_>
          10 20 13 2 3.</_></rects>
      <tilted>0</tilted></_>
    <_>
      <rects>
        <_>
          11 1 4 16 -1.</_>
        <_>
          11 1 2 8 2.</_>
        <_>
          13 9 2 8 2.</_></rects>
      <tilted>0</tilted></_>
    <_>
      <rects>
        <_>
          11 4 2 10 -1.</_>
        <_>
          11 4 1 5 2.</_>
        <_>
          12 9 1 5 2.</_></rects>
      <tilted>0</tilted></_>
    <_>
      <rects>
        <_>
          11 4 20 2 -1.</_>
        <_>
          11 4 10 1 2.</_>
        <_>
          21 5 10 1 2.</_></rects>
      <tilted>0</tilted></_>
    <_>
      <rects>
        <_>
          11 11 2 8 -1.</_>
        <_>
          11 11 1 4 2.</_>
        <_>
          12 15 1 4 2.</_></rects>
      <tilted>0</tilted></_>
    <_>
      <rects>
        <_>
          11 12 3 7 -1.</_>
        <_>
          12 12 1 7 3.</_></rects>
      <tilted>0</tilted></_>
    <_>
      <rects>
        <_>
          11 15 2 2 -1.</_>
        <_>
          11 15 1 1 2.</_>
        <_>
          12 16 1 1 2.</_></rects>
      <tilted>0</tilted></_>
    <_>
      <rects>
        <_>
          12 0 11 9 -1.</_>
        <_>
          12 3 11 3 3.</_></rects>
      <tilted>0</tilted></_>
    <_>
      <rects>
        <_>
          12 0 11 18 -1.</_>
        <_>
          12 6 11 6 3.</_></rects>
      <tilted>0</tilted></_>
    <_>
      <rects>
        <_>
          12 2 2 4 -1.</_>
        <_>
          12 2 1 2 2.</_>
        <_>
          13 4 1 2 2.</_></rects>
      <tilted>0</tilted></_>
    <_>
      <rects>
        <_>
          12 5 20 10 -1.</_>
        <_>
          12 5 10 5 2.</_>
        <_>
          22 10 10 5 2.</_></rects>
      <tilted>0</tilted></_>
    <_>
      <rects>
        <_>
          12 10 9 6 -1.</_>
        <_>
          12 12 9 2 3.</_></rects>
      <tilted>0</tilted></_>
    <_>
      <rects>
        <_>
          12 20 14 4 -1.</_>
        <_>
          12 22 14 2 2.</_></rects>
      <tilted>0</tilted></_>
    <_>
      <rects>
        <_>
          13 0 10 12 -1.</_>
        <_>
          13 0 5 6 2.</_>
        <_>
          18 6 5 6 2.</_></rects>
      <tilted>0</tilted></_>
    <_>
      <rects>
        <_>
          13 2 6 1 -1.</_>
        <_>
          15 2 2 1 3.</_></rects>
      <tilted>0</tilted></_>
    <_>
      <rects>
        <_>
          13 2 14 3 -1.</_>
        <_>
          13 3 14 1 3.</_></rects>
      <tilted>0</tilted></_>
    <_>
      <rects>
        <_>
          13 4 12 6 -1.</_>
        <_>
          17 4 4 6 3.</_></rects>
      <tilted>0</tilted></_>
    <_>
      <rects>
        <_>
          13 4 7 2 -1.</_>
        <_>
          13 5 7 1 2.</_></rects>
      <tilted>0</tilted></_>
    <_>
      <rects>
        <_>
          13 10 6 4 -1.</_>
        <_>
          15 10 2 4 3.</_></rects>
      <tilted>0</tilted></_>
    <_>
      <rects>
        <_>
          13 10 10 3 -1.</_>
        <_>
          13 11 10 1 3.</_></rects>
      <tilted>0</tilted></_>
    <_>
      <rects>
        <_>
          13 13 6 6 -1.</_>
        <_>
          15 13 2 6 3.</_></rects>
      <tilted>0</tilted></_>
    <_>
      <rects>
        <_>
          13 16 16 3 -1.</_>
        <_>
          13 17 16 1 3.</_></rects>
      <tilted>0</tilted></_>
    <_>
      <rects>
        <_>
          14 0 7 18 -1.</_>
        <_>
          14 6 7 6 3.</_></rects>
      <tilted>0</tilted></_>
    <_>
      <rects>
        <_>
          14 3 21 2 -1.</_>
        <_>
          21 3 7 2 3.</_></rects>
      <tilted>0</tilted></_>
    <_>
      <rects>
        <_>
          14 21 3 1 -1.</_>
        <_>
          15 21 1 1 3.</_></rects>
      <tilted>0</tilted></_>
    <_>
      <rects>
        <_>
          15 0 3 18 -1.</_>
        <_>
          15 6 3 6 3.</_></rects>
      <tilted>0</tilted></_>
    <_>
      <rects>
        <_>
          15 1 6 15 -1.</_>
        <_>
          15 6 6 5 3.</_></rects>
      <tilted>0</tilted></_>
    <_>
      <rects>
        <_>
          15 2 10 6 -1.</_>
        <_>
          15 4 10 2 3.</_></rects>
      <tilted>0</tilted></_>
    <_>
      <rects>
        <_>
          15 3 3 4 -1.</_>
        <_>
          16 3 1 4 3.</_></rects>
      <tilted>0</tilted></_>
    <_>
      <rects>
        <_>
          15 5 3 9 -1.</_>
        <_>
          16 5 1 9 3.</_></rects>
      <tilted>0</tilted></_>
    <_>
      <rects>
        <_>
          15 8 7 2 -1.</_>
        <_>
          15 9 7 1 2.</_></rects>
      <tilted>0</tilted></_>
    <_>
      <rects>
        <_>
          15 15 4 3 -1.</_>
        <_>
          17 15 2 3 2.</_></rects>
      <tilted>0</tilted></_>
    <_>
      <rects>
        <_>
          16 0 2 18 -1.</_>
        <_>
          16 6 2 6 3.</_></rects>
      <tilted>0</tilted></_>
    <_>
      <rects>
        <_>
          16 2 10 12 -1.</_>
        <_>
          16 6 10 4 3.</_></rects>
      <tilted>0</tilted></_>
    <_>
      <rects>
        <_>
          16 4 20 9 -1.</_>
        <_>
          26 4 10 9 2.</_></rects>
      <tilted>0</tilted></_>
    <_>
      <rects>
        <_>
          16 6 2 2 -1.</_>
        <_>
          16 7 2 1 2.</_></rects>
      <tilted>0</tilted></_>
    <_>
      <rects>
        <_>
          16 7 13 4 -1.</_>
        <_>
          16 9 13 2 2.</_></rects>
      <tilted>0</tilted></_>
    <_>
      <rects>
        <_>
          16 14 2 3 -1.</_>
        <_>
          17 14 1 3 2.</_></rects>
      <tilted>0</tilted></_>
    <_>
      <rects>
        <_>
          17 2 18 19 -1.</_>
        <_>
          23 2 6 19 3.</_></rects>
      <tilted>0</tilted></_>
    <_>
      <rects>
        <_>
          17 3 16 2 -1.</_>
        <_>
          25 3 8 2 2.</_></rects>
      <tilted>0</tilted></_>
    <_>
      <rects>
        <_>
          17 13 3 2 -1.</_>
        <_>
          18 13 1 2 3.</_></rects>
      <tilted>0</tilted></_>
    <_>
      <rects>
        <_>
          17 13 3 4 -1.</_>
        <_>
          18 13 1 4 3.</_></rects>
      <tilted>0</tilted></_>
    <_>
      <rects>
        <_>
          17 13 7 2 -1.</_>
        <_>
          17 14 7 1 2.</_></rects>
      <tilted>0</tilted></_>
    <_>
      <rects>
        <_>
          17 13 8 6 -1.</_>
        <_>
          17 15 8 2 3.</_></rects>
      <tilted>0</tilted></_>
    <_>
      <rects>
        <_>
          17 16 1 2 -1.</_>
        <_>
          17 17 1 1 2.</_></rects>
      <tilted>0</tilted></_>
    <_>
      <rects>
        <_>
          18 0 6 12 -1.</_>
        <_>
          20 0 2 12 3.</_></rects>
      <tilted>0</tilted></_>
    <_>
      <rects>
        <_>
          18 4 4 18 -1.</_>
        <_>
          18 10 4 6 3.</_></rects>
      <tilted>0</tilted></_>
    <_>
      <rects>
        <_>
          18 9 18 2 -1.</_>
        <_>
          18 9 9 1 2.</_>
        <_>
          27 10 9 1 2.</_></rects>
      <tilted>0</tilted></_>
    <_>
      <rects>
        <_>
          18 11 4 9 -1.</_>
        <_>
          20 11 2 9 2.</_></rects>
      <tilted>0</tilted></_>
    <_>
      <rects>
        <_>
          18 12 3 3 -1.</_>
        <_>
          19 12 1 3 3.</_></rects>
      <tilted>0</tilted></_>
    <_>
      <rects>
        <_>
          18 13 10 6 -1.</_>
        <_>
          23 13 5 6 2.</_></rects>
      <tilted>0</tilted></_>
    <_>
      <rects>
        <_>
          18 14 4 10 -1.</_>
        <_>
          20 14 2 10 2.</_></rects>
      <tilted>0</tilted></_>
    <_>
      <rects>
        <_>
          18 14 4 3 -1.</_>
        <_>
          18 15 4 1 3.</_></rects>
      <tilted>0</tilted></_>
    <_>
      <rects>
        <_>
          19 0 10 2 -1.</_>
        <_>
          24 0 5 2 2.</_></rects>
      <tilted>0</tilted></_>
    <_>
      <rects>
        <_>
          19 0 7 18 -1.</_>
        <_>
          19 6 7 6 3.</_></rects>
      <tilted>0</tilted></_>
    <_>
      <rects>
        <_>
          19 1 2 12 -1.</_>
        <_>
          19 7 2 6 2.</_></rects>
      <tilted>0</tilted></_>
    <_>
      <rects>
        <_>
          19 4 14 4 -1.</_>
        <_>
          19 4 7 2 2.</_>
        <_>
          26 6 7 2 2.</_></rects>
      <tilted>0</tilted></_>
    <_>
      <rects>
        <_>
          19 9 2 6 -1.</_>
        <_>
          20 9 1 6 2.</_></rects>
      <tilted>0</tilted></_>
    <_>
      <rects>
        <_>
          19 12 6 6 -1.</_>
        <_>
          21 12 2 6 3.</_></rects>
      <tilted>0</tilted></_>
    <_>
      <rects>
        <_>
          19 14 2 2 -1.</_>
        <_>
          19 14 1 1 2.</_>
        <_>
          20 15 1 1 2.</_></rects>
      <tilted>0</tilted></_>
    <_>
      <rects>
        <_>
          19 18 8 2 -1.</_>
        <_>
          19 19 8 1 2.</_></rects>
      <tilted>0</tilted></_>
    <_>
      <rects>
        <_>
          20 0 1 4 -1.</_>
        <_>
          20 2 1 2 2.</_></rects>
      <tilted>0</tilted></_>
    <_>
      <rects>
        <_>
          20 5 12 15 -1.</_>
        <_>
          24 5 4 15 3.</_></rects>
      <tilted>0</tilted></_>
    <_>
      <rects>
        <_>
          20 14 4 6 -1.</_>
        <_>
          20 14 2 3 2.</_>
        <_>
          22 17 2 3 2.</_></rects>
      <tilted>0</tilted></_>
    <_>
      <rects>
        <_>
          20 16 6 2 -1.</_>
        <_>
          22 16 2 2 3.</_></rects>
      <tilted>0</tilted></_>
    <_>
      <rects>
        <_>
          20 16 8 8 -1.</_>
        <_>
          20 16 4 4 2.</_>
        <_>
          24 20 4 4 2.</_></rects>
      <tilted>0</tilted></_>
    <_>
      <rects>
        <_>
          20 21 2 1 -1.</_>
        <_>
          21 21 1 1 2.</_></rects>
      <tilted>0</tilted></_>
    <_>
      <rects>
        <_>
          21 0 6 17 -1.</_>
        <_>
          23 0 2 17 3.</_></rects>
      <tilted>0</tilted></_>
    <_>
      <rects>
        <_>
          21 2 3 4 -1.</_>
        <_>
          22 2 1 4 3.</_></rects>
      <tilted>0</tilted></_>
    <_>
      <rects>
        <_>
          21 6 3 16 -1.</_>
        <_>
          22 6 1 16 3.</_></rects>
      <tilted>0</tilted></_>
    <_>
      <rects>
        <_>
          21 8 2 9 -1.</_>
        <_>
          22 8 1 9 2.</_></rects>
      <tilted>0</tilted></_>
    <_>
      <rects>
        <_>
          21 9 15 5 -1.</_>
        <_>
          26 9 5 5 3.</_></rects>
      <tilted>0</tilted></_>
    <_>
      <rects>
        <_>
          21 12 12 1 -1.</_>
        <_>
          25 12 4 1 3.</_></rects>
      <tilted>0</tilted></_>
    <_>
      <rects>
        <_>
          21 15 4 1 -1.</_>
        <_>
          23 15 2 1 2.</_></rects>
      <tilted>0</tilted></_>
    <_>
      <rects>
        <_>
          21 21 12 1 -1.</_>
        <_>
          27 21 6 1 2.</_></rects>
      <tilted>0</tilted></_>
    <_>
      <rects>
        <_>
          22 0 2 2 -1.</_>
        <_>
          22 0 1 1 2.</_>
        <_>
          23 1 1 1 2.</_></rects>
      <tilted>0</tilted></_>
    <_>
      <rects>
        <_>
          22 9 14 10 -1.</_>
        <_>
          22 9 7 5 2.</_>
        <_>
          29 14 7 5 2.</_></rects>
      <tilted>0</tilted></_>
    <_>
      <rects>
        <_>
          22 13 2 10 -1.</_>
        <_>
          23 13 1 10 2.</_></rects>
      <tilted>0</tilted></_>
    <_>
      <rects>
        <_>
          22 13 2 9 -1.</_>
        <_>
          22 16 2 3 3.</_></rects>
      <tilted>0</tilted></_>
    <_>
      <rects>
        <_>
          22 13 10 4 -1.</_>
        <_>
          27 13 5 4 2.</_></rects>
      <tilted>0</tilted></_>
    <_>
      <rects>
        <_>
          22 14 2 8 -1.</_>
        <_>
          22 18 2 4 2.</_></rects>
      <tilted>0</tilted></_>
    <_>
      <rects>
        <_>
          22 17 4 1 -1.</_>
        <_>
          24 17 2 1 2.</_></rects>
      <tilted>0</tilted></_>
    <_>
      <rects>
        <_>
          22 17 4 2 -1.</_>
        <_>
          22 17 2 1 2.</_>
        <_>
          24 18 2 1 2.</_></rects>
      <tilted>0</tilted></_>
    <_>
      <rects>
        <_>
          23 10 1 2 -1.</_>
        <_>
          23 11 1 1 2.</_></rects>
      <tilted>0</tilted></_>
    <_>
      <rects>
        <_>
          23 14 6 5 -1.</_>
        <_>
          25 14 2 5 3.</_></rects>
      <tilted>0</tilted></_>
    <_>
      <rects>
        <_>
          24 13 10 8 -1.</_>
        <_>
          24 17 10 4 2.</_></rects>
      <tilted>0</tilted></_>
    <_>
      <rects>
        <_>
          24 22 2 1 -1.</_>
        <_>
          25 22 1 1 2.</_></rects>
      <tilted>0</tilted></_>
    <_>
      <rects>
        <_>
          25 1 9 4 -1.</_>
        <_>
          28 1 3 4 3.</_></rects>
      <tilted>0</tilted></_>
    <_>
      <rects>
        <_>
          25 5 11 3 -1.</_>
        <_>
          25 6 11 1 3.</_></rects>
      <tilted>0</tilted></_>
    <_>
      <rects>
        <_>
          25 12 2 2 -1.</_>
        <_>
          25 13 2 1 2.</_></rects>
      <tilted>0</tilted></_>
    <_>
      <rects>
        <_>
          25 13 5 2 -1.</_>
        <_>
          25 14 5 1 2.</_></rects>
      <tilted>0</tilted></_>
    <_>
      <rects>
        <_>
          25 18 6 4 -1.</_>
        <_>
          25 18 3 2 2.</_>
        <_>
          28 20 3 2 2.</_></rects>
      <tilted>0</tilted></_>
    <_>
      <rects>
        <_>
          25 19 1 3 -1.</_>
        <_>
          25 20 1 1 3.</_></rects>
      <tilted>0</tilted></_>
    <_>
      <rects>
        <_>
          25 19 3 5 -1.</_>
        <_>
          26 19 1 5 3.</_></rects>
      <tilted>0</tilted></_>
    <_>
      <rects>
        <_>
          26 11 2 7 -1.</_>
        <_>
          27 11 1 7 2.</_></rects>
      <tilted>0</tilted></_>
    <_>
      <rects>
        <_>
          26 19 4 2 -1.</_>
        <_>
          26 19 2 1 2.</_>
        <_>
          28 20 2 1 2.</_></rects>
      <tilted>0</tilted></_>
    <_>
      <rects>
        <_>
          26 22 3 1 -1.</_>
        <_>
          27 22 1 1 3.</_></rects>
      <tilted>0</tilted></_>
    <_>
      <rects>
        <_>
          26 22 3 2 -1.</_>
        <_>
          27 22 1 2 3.</_></rects>
      <tilted>0</tilted></_>
    <_>
      <rects>
        <_>
          27 10 1 2 -1.</_>
        <_>
          27 11 1 1 2.</_></rects>
      <tilted>0</tilted></_>
    <_>
      <rects>
        <_>
          29 0 6 2 -1.</_>
        <_>
          31 0 2 2 3.</_></rects>
      <tilted>0</tilted></_>
    <_>
      <rects>
        <_>
          29 4 3 4 -1.</_>
        <_>
          30 4 1 4 3.</_></rects>
      <tilted>0</tilted></_>
    <_>
      <rects>
        <_>
          29 4 2 2 -1.</_>
        <_>
          29 5 2 1 2.</_></rects>
      <tilted>0</tilted></_>
    <_>
      <rects>
        <_>
          29 5 7 9 -1.</_>
        <_>
          29 8 7 3 3.</_></rects>
      <tilted>0</tilted></_>
    <_>
      <rects>
        <_>
          29 22 2 1 -1.</_>
        <_>
          30 22 1 1 2.</_></rects>
      <tilted>0</tilted></_>
    <_>
      <rects>
        <_>
          30 16 2 1 -1.</_>
        <_>
          31 16 1 1 2.</_></rects>
      <tilted>0</tilted></_>
    <_>
      <rects>
        <_>
          30 19 2 4 -1.</_>
        <_>
          30 19 1 2 2.</_>
        <_>
          31 21 1 2 2.</_></rects>
      <tilted>0</tilted></_>
    <_>
      <rects>
        <_>
          31 2 4 1 -1.</_>
        <_>
          33 2 2 1 2.</_></rects>
      <tilted>0</tilted></_>
    <_>
      <rects>
        <_>
          31 9 2 4 -1.</_>
        <_>
          31 9 1 2 2.</_>
        <_>
          32 11 1 2 2.</_></rects>
      <tilted>0</tilted></_>
    <_>
      <rects>
        <_>
          31 11 2 13 -1.</_>
        <_>
          32 11 1 13 2.</_></rects>
      <tilted>0</tilted></_>
    <_>
      <rects>
        <_>
          32 0 3 7 -1.</_>
        <_>
          33 0 1 7 3.</_></rects>
      <tilted>0</tilted></_>
    <_>
      <rects>
        <_>
          32 3 4 8 -1.</_>
        <_>
          34 3 2 8 2.</_></rects>
      <tilted>0</tilted></_>
    <_>
      <rects>
        <_>
          32 7 3 13 -1.</_>
        <_>
          33 7 1 13 3.</_></rects>
      <tilted>0</tilted></_>
    <_>
      <rects>
        <_>
          32 7 3 4 -1.</_>
        <_>
          32 9 3 2 2.</_></rects>
      <tilted>0</tilted></_>
    <_>
      <rects>
        <_>
          32 20 3 2 -1.</_>
        <_>
          33 20 1 2 3.</_></rects>
      <tilted>0</tilted></_>
    <_>
      <rects>
        <_>
          32 21 4 3 -1.</_>
        <_>
          34 21 2 3 2.</_></rects>
      <tilted>0</tilted></_>
    <_>
      <rects>
        <_>
          33 1 3 5 -1.</_>
        <_>
          34 1 1 5 3.</_></rects>
      <tilted>0</tilted></_>
    <_>
      <rects>
        <_>
          33 2 3 1 -1.</_>
        <_>
          34 2 1 1 3.</_></rects>
      <tilted>0</tilted></_>
    <_>
      <rects>
        <_>
          33 2 2 2 -1.</_>
        <_>
          34 2 1 2 2.</_></rects>
      <tilted>0</tilted></_>
    <_>
      <rects>
        <_>
          33 3 2 18 -1.</_>
        <_>
          33 9 2 6 3.</_></rects>
      <tilted>0</tilted></_>
    <_>
      <rects>
        <_>
          33 6 1 9 -1.</_>
        <_>
          33 9 1 3 3.</_></rects>
      <tilted>0</tilted></_>
    <_>
      <rects>
        <_>
          33 11 1 2 -1.</_>
        <_>
          33 12 1 1 2.</_></rects>
      <tilted>0</tilted></_>
    <_>
      <rects>
        <_>
          33 12 2 2 -1.</_>
        <_>
          34 12 1 2 2.</_></rects>
      <tilted>0</tilted></_>
    <_>
      <rects>
        <_>
          34 0 2 10 -1.</_>
        <_>
          35 0 1 10 2.</_></rects>
      <tilted>0</tilted></_>
    <_>
      <rects>
        <_>
          34 6 2 10 -1.</_>
        <_>
          34 6 1 5 2.</_>
        <_>
          35 11 1 5 2.</_></rects>
      <tilted>0</tilted></_>
    <_>
      <rects>
        <_>
          34 12 2 4 -1.</_>
        <_>
          35 12 1 4 2.</_></rects>
      <tilted>0</tilted></_>
    <_>
      <rects>
        <_>
          34 17 2 2 -1.</_>
        <_>
          34 17 1 1 2.</_>
        <_>
          35 18 1 1 2.</_></rects>
      <tilted>0</tilted></_>
    <_>
      <rects>
        <_>
          34 19 2 1 -1.</_>
        <_>
          35 19 1 1 2.</_></rects>
      <tilted>0</tilted></_>
    <_>
      <rects>
        <_>
          34 20 2 2 -1.</_>
        <_>
          35 20 1 2 2.</_></rects>
      <tilted>0</tilted></_>
    <_>
      <rects>
        <_>
          35 2 1 10 -1.</_>
        <_>
          35 7 1 5 2.</_></rects>
      <tilted>0</tilted></_></features></cascade>
</opencv_storage>
